,Round,train_losses,accuracies
0,1,0.0022977617025375366,11.81
1,2,0.002292937994003296,10.73
2,3,0.002288691282272339,10.61
3,4,0.0022842833042144776,10.79
4,5,0.002277911925315857,13.23
5,6,0.0022686754465103148,14.32
6,7,0.0022574804306030273,15.37
7,8,0.002244767427444458,16.27
8,9,0.00223132483959198,20.23
9,10,0.0022159955501556395,21.78
10,11,0.0021991533279418947,22.66
11,12,0.0021801987409591677,22.71
12,13,0.002161748147010803,22.73
13,14,0.002144113302230835,22.97
14,15,0.0021289880275726317,23.22
15,16,0.0021148324728012084,23.58
16,17,0.0021013132333755494,23.61
17,18,0.002084469962120056,23.85
18,19,0.0020705734968185425,24.19
19,20,0.0020727599620819093,24.12
20,21,0.0020729007482528684,23.61
21,22,0.0020512177228927614,25.6
22,23,0.002035261917114258,27.91
23,24,0.002042957448959351,26.64
24,25,0.0020554925441741943,25.05
25,26,0.0020466514110565187,24.13
26,27,0.0020403430223464966,23.6
27,28,0.002034322428703308,24.58
28,29,0.0020086973190307617,26.74
29,30,0.001992101848125458,27.65
30,31,0.0019854679703712463,28.23
31,32,0.001991753876209259,27.77
32,33,0.0019906303524971007,28.07
33,34,0.0019980950117111204,28.23
34,35,0.002012022256851196,27.91
35,36,0.0020193694829940797,27.25
36,37,0.0020257510662078856,27.13
37,38,0.00200000638961792,28.24
38,39,0.0019737150192260743,29.53
39,40,0.001974540901184082,29.97
40,41,0.0019825435519218444,29.22
41,42,0.0019799837827682494,28.52
42,43,0.0019720719337463378,28.23
43,44,0.001959865355491638,28.56
44,45,0.0019552509546279908,29.09
45,46,0.001963292634487152,29.19
46,47,0.0019647521734237673,28.86
47,48,0.0019559521317481995,29.17
48,49,0.0019404435873031616,29.43
49,50,0.0019309261918067932,30.33
50,51,0.0019364718198776245,30.73
51,52,0.0019412059426307678,30.76
52,53,0.00194274080991745,29.78
53,54,0.00194400475025177,29.19
54,55,0.0019414818048477172,29.41
55,56,0.0019364226937294007,29.93
56,57,0.0019284191966056823,30.23
57,58,0.0019226805210113525,30.36
58,59,0.0019177958965301515,30.7
59,60,0.0019136294007301331,30.67
60,61,0.0019256848812103271,30.25
61,62,0.0019406962990760803,29.76
62,63,0.0019320870876312255,29.71
63,64,0.0019075260519981385,30.57
64,65,0.0018925094485282897,31.18
65,66,0.001900604236125946,31.63
66,67,0.0019026477694511414,31.67
67,68,0.0018904066681861877,32.13
68,69,0.0018710290431976319,32.4
69,70,0.0018583685398101807,32.97
70,71,0.0018520795226097107,33.46
71,72,0.0018535823941230774,33.42
72,73,0.0018538841366767882,33.55
73,74,0.0018485338568687438,33.32
74,75,0.0018525735974311828,33.49
75,76,0.0018554076433181762,33.53
76,77,0.0018465925931930541,33.77
77,78,0.0018377921462059022,33.44
78,79,0.0018383129000663757,32.95
79,80,0.001836815881729126,33.12
80,81,0.0018305238485336304,33.52
81,82,0.001821276330947876,33.85
82,83,0.0018193938493728638,33.84
83,84,0.001828048276901245,33.29
84,85,0.001833514618873596,32.54
85,86,0.0018354102253913878,32.07
86,87,0.0018315512537956237,32.9
87,88,0.0018329534769058228,34.02
88,89,0.001827565884590149,34.51
89,90,0.001808777093887329,34.18
90,91,0.0018042935252189636,33.49
91,92,0.0018355729699134826,32.61
92,93,0.0018562395572662353,32.58
93,94,0.0018467037081718444,32.99
94,95,0.001827828848361969,33.2
95,96,0.0018058587312698364,32.75
96,97,0.0018151798605918884,32.39
97,98,0.001821484351158142,32.98
98,99,0.0018000383019447326,33.83
99,100,0.0017736749291419982,34.85
100,101,0.0017704603433609009,34.41
101,102,0.0017861306548118592,32.78
102,103,0.0018078677415847779,31.01
103,104,0.0018103135585784912,30.95
104,105,0.0018000987648963927,32.43
105,106,0.0017792527556419373,33.53
106,107,0.0017702333807945252,34.03
107,108,0.001773143744468689,34.41
108,109,0.0017779353022575378,35.09
109,110,0.0017785969018936157,35.1
110,111,0.0017713289022445679,35.17
111,112,0.001760908603668213,36.01
112,113,0.00175585960149765,36.24
113,114,0.0017528442978858947,36.7
114,115,0.0017451219081878661,37.46
115,116,0.0017379222631454469,37.23
116,117,0.0017302823543548585,37.39
117,118,0.0017287816047668457,37.32
118,119,0.0017243525981903076,37.41
119,120,0.0017252335906028748,37.13
120,121,0.0017258350610733033,36.95
121,122,0.001725762414932251,36.71
122,123,0.0017190520167350769,37.28
123,124,0.0017065410375595093,38.18
124,125,0.001700751781463623,38.49
125,126,0.0016976374626159667,38.41
126,127,0.0016880338072776794,38.89
127,128,0.0016821249723434448,39.15
128,129,0.0016848017811775208,38.88
129,130,0.0016950494408607482,38.11
130,131,0.0016906566977500914,38.03
131,132,0.001683044731616974,38.27
132,133,0.0016771112322807311,38.81
133,134,0.0016718562960624695,39.23
134,135,0.0016696325778961182,39.25
135,136,0.0016769622087478638,38.99
136,137,0.0016763898491859437,38.6
137,138,0.0016674557209014893,38.59
138,139,0.0016637494087219239,39.02
139,140,0.0016708190202713012,38.5
140,141,0.0016701293706893922,38.55
141,142,0.0016673392415046692,38.7
142,143,0.0016594054341316222,38.71
143,144,0.0016556389808654785,39.11
144,145,0.001647896945476532,39.43
145,146,0.0016539814233779908,39.4
146,147,0.001654055678844452,39.72
147,148,0.0016555402874946594,39.59
148,149,0.0016582699775695802,39.6
149,150,0.0016594062566757202,39.73
150,151,0.001652124774456024,40.48
151,152,0.0016304040670394896,41.19
152,153,0.0016425770282745362,40.24
153,154,0.0016475029349327086,39.73
154,155,0.001645427131652832,39.68
155,156,0.0016403609037399292,40.48
156,157,0.0016320191144943237,41.36
157,158,0.0016311309456825257,41.1
158,159,0.0016609246373176575,39.27
159,160,0.0016788463473320007,38.49
160,161,0.0016721249341964722,38.86
161,162,0.0016333258867263793,40.28
162,163,0.0016265226006507874,40.42
163,164,0.0016378544092178345,39.88
164,165,0.0016431652426719665,39.39
165,166,0.0016331934571266174,39.8
166,167,0.001628299117088318,40.59
167,168,0.0016300422549247742,40.73
168,169,0.001625939631462097,40.34
169,170,0.0016333670377731324,39.55
170,171,0.0016308225154876709,39.09
171,172,0.0016224531173706055,39.69
172,173,0.0016278081178665161,40.09
173,174,0.0016265683650970458,40.46
174,175,0.0016158345818519592,40.61
175,176,0.0016021148800849914,40.99
176,177,0.001603259313106537,41.16
177,178,0.001622659134864807,40.49
178,179,0.0016285279154777527,39.69
179,180,0.0016224371314048768,40.25
180,181,0.0016244565844535828,40.25
181,182,0.001637582015991211,39.27
182,183,0.0016427809357643128,39.5
183,184,0.0016191426038742066,41.18
184,185,0.0016131804943084716,40.86
185,186,0.001620125710964203,39.71
186,187,0.0016127581238746644,39.47
187,188,0.0016208680510520935,39.29
188,189,0.001631873893737793,39.36
189,190,0.00164175523519516,39.53
190,191,0.001615755832195282,40.61
191,192,0.0015925212502479553,40.95
192,193,0.0016019819617271423,41.21
193,194,0.0016674835324287415,39.63
194,195,0.0016529449224472045,40.12
195,196,0.0016064621210098266,40.96
196,197,0.0016074470520019532,40.31
197,198,0.0016366268396377564,39.58
198,199,0.0016352964639663697,39.94
199,200,0.0015828183889389038,41.69
200,201,0.0015716864228248596,42.66
201,202,0.0016083603382110595,41.71
202,203,0.0016480963349342346,40.89
203,204,0.001685052466392517,39.38
204,205,0.001640567910671234,40.41
205,206,0.0015974398136138915,40.82
206,207,0.0016734471917152405,39.24
207,208,0.0017167311191558837,38.53
208,209,0.0016590399146080017,39.53
209,210,0.0015883248686790466,41.13
210,211,0.0016021035432815553,40.22
211,212,0.001661680769920349,38.38
212,213,0.0016663099408149719,38.48
213,214,0.0016356931209564208,39.58
214,215,0.0016036882519721986,40.57
215,216,0.0016064947128295898,40.44
216,217,0.0016329535603523254,40.28
217,218,0.0016467302799224853,40.51
218,219,0.0016305639147758484,40.93
219,220,0.0015983172297477722,41.74
220,221,0.0015775716066360474,42.27
221,222,0.0015806891679763795,42.15
222,223,0.001599317944049835,41.66
223,224,0.001616372549533844,41.36
224,225,0.001603280246257782,41.99
225,226,0.0015791386604309082,42.3
226,227,0.0015645979046821595,42.85
227,228,0.0015649242639541627,43.09
228,229,0.0015732455372810363,42.9
229,230,0.0015750999093055724,42.96
230,231,0.0015721033096313477,43.31
231,232,0.0015753495693206787,42.91
232,233,0.0015885351181030274,42.31
233,234,0.0015908530950546264,42.08
234,235,0.0015853925704956055,42.4
235,236,0.001578261148929596,42.47
236,237,0.0015786118268966674,42.1
237,238,0.0015698551535606384,42.38
238,239,0.0015664998412132263,42.74
239,240,0.0015787577271461487,42.24
240,241,0.0015950251221656798,41.51
241,242,0.0015928481459617616,41.53
242,243,0.0015695201754570007,42.5
243,244,0.0015477452754974366,43.2
244,245,0.0015436476349830626,43.38
245,246,0.0015488913893699646,43.0
246,247,0.0015596411108970642,42.57
247,248,0.0015674927115440368,42.15
248,249,0.0015725036263465881,42.2
249,250,0.001570395028591156,42.2
250,251,0.001570092511177063,42.24
251,252,0.0015871363043785094,42.04
252,253,0.0016073609709739685,41.61
253,254,0.0016185919523239135,41.07
254,255,0.0016066797137260437,41.55
255,256,0.0015826675176620483,42.44
256,257,0.0015606800079345704,43.36
257,258,0.0015634482026100158,43.38
258,259,0.0015636807560920716,43.57
259,260,0.0015641780138015747,43.03
260,261,0.0015593252658843994,42.64
261,262,0.0015547705173492431,42.71
262,263,0.0015528429388999938,42.82
263,264,0.0015450162887573242,43.1
264,265,0.001535868263244629,43.46
265,266,0.0015369645118713379,43.2
266,267,0.0015436264634132385,43.12
267,268,0.0015407815098762512,43.12
268,269,0.0015352374911308288,43.42
269,270,0.0015295242309570313,43.95
270,271,0.0015302337884902954,43.6
271,272,0.0015417280316352845,43.65
272,273,0.0015498054027557372,43.14
273,274,0.0015461084127426146,43.16
274,275,0.0015348231434822081,43.55
275,276,0.0015316595077514649,43.83
276,277,0.0015406797289848327,43.93
277,278,0.0015429518938064575,43.85
278,279,0.001538127601146698,44.11
279,280,0.0015242939829826355,44.55
280,281,0.0015184738874435425,44.5
281,282,0.0015229787349700927,44.37
282,283,0.0015183064579963683,44.53
283,284,0.0015138864398002625,44.81
284,285,0.0015147632360458373,45.22
285,286,0.0015197152733802796,44.78
286,287,0.001520642912387848,44.45
287,288,0.001515757930278778,44.47
288,289,0.0015146424770355225,44.47
289,290,0.00151191166639328,44.63
290,291,0.0015061719298362732,45.52
291,292,0.0015095770239830018,45.14
292,293,0.0015163093328475952,44.6
293,294,0.0015169900059700011,44.54
294,295,0.0015123499512672423,44.58
295,296,0.0015096516251564026,44.77
296,297,0.0015129312872886659,45.07
297,298,0.001518730092048645,44.76
298,299,0.00152369065284729,44.58
299,300,0.0015260404109954833,44.41
300,301,0.0015213521480560302,44.48
301,302,0.001510203206539154,44.74
302,303,0.001499911367893219,45.05
303,304,0.001497353982925415,45.24
304,305,0.0015038375735282898,45.17
305,306,0.001513049018383026,44.87
306,307,0.0015135072708129882,44.99
307,308,0.0015042786240577698,45.08
308,309,0.001501867949962616,44.73
309,310,0.0014984908938407897,44.74
310,311,0.0014945749163627624,44.63
311,312,0.001506523048877716,44.41
312,313,0.0015287516117095947,43.7
313,314,0.0015269852280616761,43.79
314,315,0.0015151620507240296,44.52
315,316,0.0015032785534858705,44.95
316,317,0.0015146431088447572,44.96
317,318,0.0015201800584793092,44.64
318,319,0.0015094881534576416,45.05
319,320,0.0015025415539741515,45.16
320,321,0.0015041604280471802,45.0
321,322,0.0015114776492118835,44.69
322,323,0.0015142311811447145,44.8
323,324,0.0015059317231178283,45.15
324,325,0.0014985853552818298,44.94
325,326,0.001492893660068512,45.21
326,327,0.0014993240475654603,45.0
327,328,0.0015045456647872924,45.12
328,329,0.0015012738347053528,44.81
329,330,0.0014996822118759155,45.22
330,331,0.0015056394577026367,44.76
331,332,0.0014990126967430115,45.07
332,333,0.0014993335723876952,45.17
333,334,0.0015108880043029785,45.36
334,335,0.0015045796036720275,45.78
335,336,0.0014938846111297607,46.1
336,337,0.001492866063117981,45.73
337,338,0.0014964110732078552,45.4
338,339,0.001489063286781311,45.69
339,340,0.00148519846200943,45.66
340,341,0.0014985981464385987,45.26
341,342,0.0015028252363204957,44.75
342,343,0.0015072191953659057,44.41
343,344,0.0015006661415100098,44.7
344,345,0.0014903986692428588,45.05
345,346,0.0014788184762001037,45.53
346,347,0.0014761996626853943,46.0
347,348,0.0014823857188224793,46.01
348,349,0.0014961137771606445,45.66
349,350,0.0014986311078071595,45.61
350,351,0.0014927013278007507,45.97
351,352,0.001478798532485962,46.52
352,353,0.0014747715830802917,46.57
353,354,0.0014749035000801087,46.31
354,355,0.001476316261291504,46.12
355,356,0.0014845797657966613,45.46
356,357,0.0014768484830856323,45.92
357,358,0.0014721418738365174,46.2
358,359,0.0014711685419082643,46.07
359,360,0.0014745132446289063,45.8
360,361,0.0014863026618957519,45.73
361,362,0.0014901127576828002,45.78
362,363,0.0015002201318740844,45.64
363,364,0.0014934052228927613,45.84
364,365,0.0014886579871177673,45.99
365,366,0.0014876863598823548,45.62
366,367,0.001492008650302887,45.2
367,368,0.0014915173530578613,45.19
368,369,0.0014892843008041381,45.03
369,370,0.0014872217416763305,44.6
370,371,0.0014949059128761292,44.3
371,372,0.0015033170580863952,43.99
372,373,0.001501836395263672,44.07
373,374,0.001504557979106903,44.14
374,375,0.0014956167936325073,44.53
375,376,0.0014953342914581298,44.55
376,377,0.0015129673600196838,44.27
377,378,0.0015166771292686463,44.47
378,379,0.0014969470620155335,45.04
379,380,0.0014994213104248047,45.32
380,381,0.0015083155751228333,45.48
381,382,0.001507777214050293,45.62
382,383,0.0014810097336769104,46.68
383,384,0.0014614085555076598,46.92
384,385,0.0014725627422332763,46.22
385,386,0.0014970341682434083,45.02
386,387,0.0015192580223083495,43.94
387,388,0.0015020010709762574,44.43
388,389,0.0014728034734725953,45.44
389,390,0.0014710219264030457,45.87
390,391,0.0014951329827308656,45.92
391,392,0.0015052335619926453,45.54
392,393,0.00148311105966568,46.36
393,394,0.0014486074924468994,46.93
394,395,0.00147175190448761,46.35
395,396,0.0015146847605705261,44.82
396,397,0.0015170614242553712,44.75
397,398,0.0014959558129310608,45.38
398,399,0.0014693715929985046,46.26
399,400,0.001468522047996521,45.89
400,401,0.0014758373618125916,45.72
401,402,0.001476748776435852,46.12
402,403,0.0014661475896835328,46.65
403,404,0.0014518988370895386,47.24
404,405,0.0014600543975830079,46.63
405,406,0.0014682864665985108,46.43
406,407,0.0014635364770889281,46.64
407,408,0.0014571606874465943,46.69
408,409,0.0014636547803878784,46.63
409,410,0.0014636791348457336,46.84
410,411,0.0014447674989700318,47.65
411,412,0.0014363211393356324,47.84
412,413,0.0014375349760055542,47.63
413,414,0.0014442302107810973,47.37
414,415,0.001445190405845642,47.04
415,416,0.0014426073312759399,46.99
416,417,0.0014391061186790467,47.4
417,418,0.001442574965953827,47.42
418,419,0.0014523281693458556,47.01
419,420,0.0014525185823440552,46.58
420,421,0.0014453741788864136,46.78
421,422,0.0014412940621376037,47.29
422,423,0.0014354606986045836,47.36
423,424,0.001445013415813446,46.99
424,425,0.0014560116767883301,46.91
425,426,0.001464492928981781,46.41
426,427,0.001455483043193817,46.83
427,428,0.0014539172768592834,47.31
428,429,0.0014582672238349914,47.15
429,430,0.0014769999384880066,47.24
430,431,0.001464054274559021,47.13
431,432,0.0014427279233932494,47.49
432,433,0.0014382470607757567,47.29
433,434,0.0014592090964317321,46.41
434,435,0.0014703736662864686,45.9
435,436,0.0014580340027809144,46.18
436,437,0.0014460422039031982,46.69
437,438,0.0014449851393699645,46.8
438,439,0.00145247403383255,46.65
439,440,0.0014512393236160279,46.84
440,441,0.001442446506023407,47.33
441,442,0.0014377634286880494,47.74
442,443,0.0014322342395782471,47.75
443,444,0.0014482370495796204,46.43
444,445,0.0014620552539825438,46.1
445,446,0.001457326376438141,46.31
446,447,0.00145767879486084,46.64
447,448,0.0014589805841445922,46.75
448,449,0.0014564849972724914,46.74
449,450,0.0014555739164352416,46.55
450,451,0.0014519702911376952,46.7
451,452,0.001444638979434967,47.16
452,453,0.0014489390015602112,47.28
453,454,0.001459935450553894,46.73
454,455,0.0014650147438049317,47.0
455,456,0.0014534136056900025,47.48
456,457,0.0014405673503875731,47.94
457,458,0.0014383353233337402,48.18
458,459,0.0014448490023612976,47.8
459,460,0.0014407558798789977,47.67
460,461,0.0014309072375297547,47.61
461,462,0.0014270281553268433,47.89
462,463,0.0014306273102760315,48.06
463,464,0.0014432457327842713,47.81
464,465,0.0014426997900009156,47.55
465,466,0.0014319085955619812,48.11
466,467,0.0014234549999237061,48.29
467,468,0.001420658779144287,48.31
468,469,0.001425263810157776,48.11
469,470,0.0014322734475135804,47.66
470,471,0.001438076615333557,47.63
471,472,0.0014377957105636597,47.79
472,473,0.0014315631508827209,47.95
473,474,0.0014284170031547546,48.06
474,475,0.0014318792581558227,47.82
475,476,0.001441374444961548,47.5
476,477,0.0014521709322929382,47.22
477,478,0.001453825306892395,47.08
478,479,0.001456840169429779,46.99
479,480,0.0014535120368003845,47.09
480,481,0.0014512137055397033,47.01
481,482,0.001449192214012146,46.57
482,483,0.0014608787059783935,46.46
483,484,0.0014824320316314697,45.91
484,485,0.0014832055807113647,46.0
485,486,0.0014799930334091185,46.28
486,487,0.001465511918067932,46.75
487,488,0.0014501888513565064,47.18
488,489,0.0014426550507545472,47.71
489,490,0.0014427448868751527,47.43
490,491,0.0014487291812896729,47.48
491,492,0.0014534842014312743,47.04
492,493,0.0014484190225601196,47.12
493,494,0.001443517243862152,47.15
494,495,0.0014319816827774048,47.5
495,496,0.0014220733165740966,48.39
496,497,0.0014163307428359986,48.64
497,498,0.0014245528101921082,48.28
498,499,0.0014404373526573182,47.29
499,500,0.0014510087966918945,46.51
500,501,0.001449368631839752,46.65
501,502,0.0014331756591796875,47.79
502,503,0.0014173957109451295,48.26
503,504,0.0014218252420425414,48.15
504,505,0.0014309273719787597,47.4
505,506,0.0014387622237205504,47.44
506,507,0.0014395472884178161,47.26
507,508,0.0014350056171417236,47.5
508,509,0.0014315556049346923,47.68
509,510,0.0014262265920639038,48.1
510,511,0.0014205781698226928,48.59
511,512,0.0014174912571907044,48.95
512,513,0.0014228679895401,48.8
513,514,0.001426449978351593,48.65
514,515,0.001429521894454956,48.33
515,516,0.0014298810482025147,48.15
516,517,0.0014290553092956542,47.95
517,518,0.0014302663326263428,47.93
518,519,0.001419460344314575,48.41
519,520,0.0014176302194595337,48.36
520,521,0.0014181155681610108,48.72
521,522,0.0014189060091972351,48.54
522,523,0.0014217345237731935,48.66
523,524,0.0014251350045204163,48.53
524,525,0.0014283369421958924,48.54
525,526,0.0014291358828544616,48.52
526,527,0.0014323490142822265,48.23
527,528,0.0014363423466682433,48.15
528,529,0.0014255629420280456,48.58
529,530,0.0014130396723747254,48.92
530,531,0.0014126060366630555,48.86
531,532,0.0014260332822799682,48.98
532,533,0.0014542199373245239,48.33
533,534,0.0014428239941596986,48.75
534,535,0.0014164422154426574,49.15
535,536,0.0014062729597091675,49.08
536,537,0.0014097092866897584,48.95
537,538,0.0014189728021621704,48.3
538,539,0.0014246490597724915,48.11
539,540,0.001420484757423401,48.1
540,541,0.0014125832319259644,48.25
541,542,0.0014087070226669312,48.61
542,543,0.001401326549053192,49.34
543,544,0.0013996243119239807,49.43
544,545,0.0014013792037963868,49.09
545,546,0.0013997196078300476,49.16
546,547,0.0013993544459342956,49.13
547,548,0.0014010558843612672,48.97
548,549,0.001397574245929718,48.97
549,550,0.0013972008347511292,49.23
550,551,0.0014014812469482422,49.01
551,552,0.0014137709498405456,48.52
552,553,0.0014145844578742981,48.43
553,554,0.0014090524792671204,48.49
554,555,0.0014087809920310973,48.42
555,556,0.0014036313533782958,48.55
556,557,0.001396499514579773,48.75
557,558,0.0013895524501800537,49.34
558,559,0.0013884476780891418,49.57
559,560,0.0013928654670715332,49.43
560,561,0.0013982478022575378,49.2
561,562,0.0014026259183883667,48.9
562,563,0.0013967172861099244,49.04
563,564,0.0013910628437995912,49.01
564,565,0.0013850957036018372,49.36
565,566,0.0013835299730300904,49.6
566,567,0.0013852931380271911,49.59
567,568,0.0013945783257484437,49.58
568,569,0.001400835108757019,49.22
569,570,0.0013992411732673645,49.11
570,571,0.001398120415210724,49.05
571,572,0.0014024849772453307,49.02
572,573,0.0014069931507110596,48.73
573,574,0.001409183657169342,48.75
574,575,0.0013976250290870667,49.17
575,576,0.0013892075061798096,49.32
576,577,0.001396374535560608,48.96
577,578,0.0014025371789932251,48.09
578,579,0.0014042555451393127,48.19
579,580,0.0013993263721466065,48.55
580,581,0.001403273844718933,49.09
581,582,0.0014072239398956298,49.18
582,583,0.0014072231650352478,49.09
583,584,0.0013895063042640686,49.68
584,585,0.0013986379027366637,49.2
585,586,0.0014210913300514222,48.76
586,587,0.0014274656772613526,48.48
587,588,0.001420976674556732,48.73
588,589,0.0014016658544540406,49.4
589,590,0.001388632071018219,49.81
590,591,0.0013864630460739137,49.75
591,592,0.0013867925882339479,49.92
592,593,0.0013870035529136657,49.81
593,594,0.0013923688888549805,49.67
594,595,0.0014120476841926574,48.85
595,596,0.0014087380051612853,49.03
596,597,0.001391312563419342,49.0
597,598,0.0013976211190223694,48.88
598,599,0.0014148924708366395,48.64
599,600,0.001418487000465393,48.47
600,601,0.0014081018567085265,48.74
601,602,0.0014026276469230653,48.65
602,603,0.0014135181546211242,48.44
603,604,0.0014124676465988159,48.48
604,605,0.0014020731210708619,49.03
605,606,0.0013980973243713378,49.14
606,607,0.0014149605512619018,48.6
607,608,0.0014277138233184815,48.37
608,609,0.0014278359770774842,48.48
609,610,0.0014134171009063722,49.62
610,611,0.0014009873270988465,49.82
611,612,0.001401219129562378,49.36
612,613,0.0014139873027801514,48.38
613,614,0.0014293949007987976,47.66
614,615,0.0014318499207496642,47.66
615,616,0.001420184302330017,48.64
616,617,0.0013971433281898499,49.52
617,618,0.0013828890085220338,50.21
618,619,0.0013824694514274598,50.34
619,620,0.0013879269361495971,50.16
620,621,0.0013889984965324402,50.16
621,622,0.0013886216282844544,49.91
622,623,0.0013920351147651672,49.86
623,624,0.0014029977083206177,49.4
624,625,0.0014125471472740173,49.0
625,626,0.0014154516935348512,48.81
626,627,0.0014042995929718018,49.23
627,628,0.0013952844023704528,49.44
628,629,0.0013847469449043274,49.9
629,630,0.0013843713164329529,50.36
630,631,0.001393439555168152,49.78
631,632,0.0014021888732910156,49.28
632,633,0.0014000251650810242,49.62
633,634,0.0013851449966430663,49.89
634,635,0.0013713146448135376,50.29
635,636,0.0013731061935424805,50.12
636,637,0.001380204176902771,49.9
637,638,0.0013869336128234863,49.69
638,639,0.001386916708946228,49.42
639,640,0.0013857816815376282,49.09
640,641,0.0013859594225883484,49.3
641,642,0.0013887775897979736,49.34
642,643,0.0013983481287956237,49.08
643,644,0.0014085229516029357,48.94
644,645,0.00141904718875885,48.72
645,646,0.0014189968705177307,48.76
646,647,0.0014111637115478515,48.93
647,648,0.0013947055220603943,49.91
648,649,0.001390432620048523,49.96
649,650,0.0013892571926116943,49.83
650,651,0.00139142324924469,49.78
651,652,0.0013903570294380187,49.73
652,653,0.0013836584329605102,49.97
653,654,0.0013861005425453187,49.66
654,655,0.001388748323917389,49.75
655,656,0.0013842995643615723,49.96
656,657,0.0013763321995735169,50.28
657,658,0.001368409538269043,50.62
658,659,0.0013657199263572694,50.93
659,660,0.0013680660843849181,50.76
660,661,0.0013677790880203247,50.69
661,662,0.0013630712389945984,50.91
662,663,0.0013643051028251647,50.79
663,664,0.0013706629872322082,50.36
664,665,0.0013777709007263184,50.01
665,666,0.0013843551635742187,49.71
666,667,0.0013810142755508422,49.7
667,668,0.001370660650730133,50.25
668,669,0.0013718501687049866,50.35
669,670,0.001383189582824707,50.07
670,671,0.0013825851202011108,50.12
671,672,0.0013717424392700195,50.36
672,673,0.001366485297679901,50.68
673,674,0.0013693463206291198,50.81
674,675,0.0013734976410865784,50.78
675,676,0.0013764887690544127,50.7
676,677,0.001378418266773224,50.46
677,678,0.00137379789352417,50.48
678,679,0.0013671758770942687,50.71
679,680,0.0013635904908180236,50.86
680,681,0.0013577268838882446,51.25
681,682,0.0013551384210586548,51.33
682,683,0.0013638694405555725,50.79
683,684,0.0013759803891181947,50.31
684,685,0.0013816088080406189,49.87
685,686,0.0013775105595588684,49.88
686,687,0.0013680312275886535,50.51
687,688,0.0013627402424812318,51.04
688,689,0.001366460967063904,50.71
689,690,0.0013750532507896423,50.38
690,691,0.0013855655908584594,50.23
691,692,0.0013860745072364806,50.11
692,693,0.0013785589575767516,50.12
693,694,0.0013670719027519226,50.47
694,695,0.0013575954914093018,50.72
695,696,0.001353733491897583,50.8
696,697,0.0013558138608932495,50.75
697,698,0.001359199559688568,50.6
698,699,0.0013577146768569946,50.67
699,700,0.0013581298232078552,50.76
700,701,0.001362538206577301,50.77
701,702,0.0013624234199523925,50.56
702,703,0.0013643903017044067,50.43
703,704,0.0013760123372077943,49.87
704,705,0.001369938576221466,49.94
705,706,0.0013633040904998779,50.35
706,707,0.001353278124332428,50.77
707,708,0.0013581560730934143,50.82
708,709,0.0013650771021842957,50.76
709,710,0.0013628996729850768,50.95
710,711,0.0013597700476646424,51.13
711,712,0.001356952667236328,51.13
712,713,0.0013561727404594421,51.19
713,714,0.0013608358502388,51.13
714,715,0.0013624255537986755,50.6
715,716,0.0013571432948112489,50.57
716,717,0.0013502144575119018,50.81
717,718,0.0013480908751487732,50.92
718,719,0.001351456081867218,50.66
719,720,0.0013539142370223999,50.75
720,721,0.0013498805999755858,50.96
721,722,0.0013524563431739807,51.0
722,723,0.0013548418045043946,51.37
723,724,0.0013565802097320557,51.44
724,725,0.0013598886489868164,51.07
725,726,0.0013611788034439086,50.85
726,727,0.0013600822448730468,50.92
727,728,0.001357876217365265,50.91
728,729,0.0013559807181358337,51.14
729,730,0.0013503890037536621,51.23
730,731,0.0013460085272789001,51.52
731,732,0.0013518634796142578,50.81
732,733,0.0013573683261871338,50.77
733,734,0.001366707980632782,50.77
734,735,0.001368235743045807,50.66
735,736,0.0013632774710655212,50.79
736,737,0.0013500718235969543,51.18
737,738,0.0013469285249710083,51.5
738,739,0.001352299976348877,51.38
739,740,0.0013596487283706665,51.13
740,741,0.0013617742538452149,51.4
741,742,0.0013615837097167968,51.36
742,743,0.001355038094520569,51.48
743,744,0.0013473371267318725,51.32
744,745,0.0013492809057235717,51.31
745,746,0.0013557273507118226,50.88
746,747,0.001357911455631256,50.65
747,748,0.001347814393043518,50.85
748,749,0.0013462316155433654,51.0
749,750,0.0013527275919914246,50.65
750,751,0.0013679226398468018,50.18
751,752,0.0013918810606002808,49.35
752,753,0.0013876050233840942,49.62
753,754,0.0013808870315551757,49.83
754,755,0.0013668680906295777,50.28
755,756,0.0013608450531959534,50.64
756,757,0.0013622429370880127,50.76
757,758,0.0013739841103553771,50.01
758,759,0.0013831913948059082,49.62
759,760,0.0013866986393928527,49.46
760,761,0.0013807440519332886,49.85
761,762,0.0013687444686889649,50.2
762,763,0.0013636597752571106,50.39
763,764,0.0013600660800933838,51.22
764,765,0.0013754543900489807,50.74
765,766,0.0013818984985351562,50.03
766,767,0.0013735777854919434,49.83
767,768,0.001372277569770813,49.74
768,769,0.001369820249080658,50.07
769,770,0.0013569189429283141,50.62
770,771,0.0013596938133239745,50.52
771,772,0.0013715468049049378,50.0
772,773,0.0013827211260795593,49.98
773,774,0.0013719441056251527,51.15
774,775,0.0013469850659370423,51.85
775,776,0.001335805368423462,52.26
776,777,0.0013417608499526979,51.88
777,778,0.0013671753764152527,51.06
778,779,0.0013792834401130675,50.63
779,780,0.001367555320262909,50.64
780,781,0.001348287320137024,51.03
781,782,0.0013477370262145996,51.03
782,783,0.001367423164844513,50.53
783,784,0.0013783587455749513,50.4
784,785,0.0013585894346237182,50.99
785,786,0.0013354094505310058,51.68
786,787,0.0013400689959526062,51.58
787,788,0.0013642139673233032,50.65
788,789,0.0013819373488426208,50.56
789,790,0.0013782674908638,50.76
790,791,0.0013499449491500854,51.49
791,792,0.0013384169340133667,51.86
792,793,0.00134029780626297,51.52
793,794,0.0013502692937850953,51.27
794,795,0.0013428575158119201,51.47
795,796,0.0013368266820907593,52.05
796,797,0.0013320379972457887,52.32
797,798,0.0013324557900428772,52.19
798,799,0.0013347825288772582,52.29
799,800,0.001339819324016571,52.13
800,801,0.0013395023941993713,52.06
801,802,0.0013323219776153565,52.6
802,803,0.0013237582683563232,52.71
803,804,0.0013214457631111145,52.51
804,805,0.0013248934388160705,52.14
805,806,0.0013238807797431946,51.69
806,807,0.0013237521052360535,51.45
807,808,0.001321431016921997,51.66
808,809,0.0013202768445014954,51.81
809,810,0.0013239700913429261,51.59
810,811,0.0013243685245513915,51.77
811,812,0.001320746898651123,51.8
812,813,0.0013162930846214295,52.41
813,814,0.0013103613734245301,52.8
814,815,0.0013123394131660461,52.82
815,816,0.0013212904334068299,52.77
816,817,0.0013355666399002075,52.09
817,818,0.0013406736850738526,51.84
818,819,0.001343442678451538,51.92
819,820,0.001340536880493164,51.89
820,821,0.001342980170249939,51.97
821,822,0.0013352891802787782,52.02
822,823,0.0013329692125320434,51.85
823,824,0.0013309930682182311,51.7
824,825,0.0013347013235092164,51.45
825,826,0.00133530935049057,51.24
826,827,0.0013292015552520751,51.35
827,828,0.001322059965133667,52.24
828,829,0.001320914876461029,52.4
829,830,0.0013267074465751648,52.2
830,831,0.0013261316299438477,52.14
831,832,0.0013230731964111327,52.24
832,833,0.0013184603214263916,52.67
833,834,0.0013134521961212157,52.59
834,835,0.0013246370553970338,51.98
835,836,0.0013358034610748291,51.5
836,837,0.001336186933517456,51.37
837,838,0.0013409609913825988,51.28
838,839,0.0013440707445144654,51.15
839,840,0.0013471139192581176,51.04
840,841,0.001341612982749939,51.22
841,842,0.0013336142420768738,51.27
842,843,0.0013299772024154663,51.59
843,844,0.0013362635850906373,51.59
844,845,0.0013457218766212463,51.4
845,846,0.001350749170780182,51.31
846,847,0.0013416224241256714,51.84
847,848,0.0013237860321998597,52.85
848,849,0.001315536630153656,52.99
849,850,0.001319693922996521,52.68
850,851,0.0013187292098999024,52.49
851,852,0.001315309464931488,52.62
852,853,0.0013189248919487,52.31
853,854,0.001325567626953125,52.15
854,855,0.0013267570972442628,52.32
855,856,0.0013173547863960266,52.53
856,857,0.0013108033299446106,53.11
857,858,0.0013113682627677917,53.32
858,859,0.0013153366327285766,53.09
859,860,0.0013210826635360717,52.96
860,861,0.0013260810732841492,52.48
861,862,0.0013239673495292663,52.04
862,863,0.0013210750699043274,52.34
863,864,0.0013203726768493652,52.55
864,865,0.0013256566524505616,52.59
865,866,0.001336093819141388,52.19
866,867,0.0013461817860603333,51.67
867,868,0.0013543717741966248,51.75
868,869,0.001349638605117798,51.68
869,870,0.0013447025656700134,51.37
870,871,0.0013356815934181213,51.6
871,872,0.001335723876953125,51.38
872,873,0.0013436476349830628,50.7
873,874,0.0013538350224494935,50.14
874,875,0.0013618207216262816,50.55
875,876,0.0013596749186515808,51.41
876,877,0.0013631193399429322,51.52
877,878,0.001360464382171631,51.39
878,879,0.0013460672974586487,51.81
879,880,0.0013395670533180237,51.74
880,881,0.0013371350049972534,51.91
881,882,0.0013367866277694703,51.96
882,883,0.001335854160785675,52.01
883,884,0.0013291926980018615,52.23
884,885,0.001328054940700531,52.22
885,886,0.0013199129939079285,52.52
886,887,0.0013161545634269715,52.78
887,888,0.0013175525784492493,52.38
888,889,0.0013282978534698486,51.71
889,890,0.0013408380508422853,51.0
890,891,0.0013473324179649354,51.09
891,892,0.0013423301458358764,51.55
892,893,0.0013243342757225036,52.44
893,894,0.0013122108101844788,52.8
894,895,0.0013210623741149903,52.47
895,896,0.0013343196511268617,51.93
896,897,0.0013433122396469116,51.53
897,898,0.0013421934962272643,51.6
898,899,0.0013314505338668824,52.07
899,900,0.0013248242855072021,52.51
900,901,0.0013217729687690736,52.59
901,902,0.001320815896987915,52.84
902,903,0.0013192836046218871,52.65
903,904,0.0013190036177635194,52.53
904,905,0.0013178338885307312,52.39
905,906,0.001316917669773102,52.69
906,907,0.0013208123087882996,52.65
907,908,0.0013273187756538392,52.09
908,909,0.0013318211555480956,52.05
909,910,0.0013208866953849793,52.46
910,911,0.0013135714292526245,52.81
911,912,0.0013115793466567994,52.72
912,913,0.0013144702553749084,52.72
913,914,0.0013170051097869872,52.73
914,915,0.0013185762047767638,52.55
915,916,0.0013181698679924012,52.58
916,917,0.001322452974319458,52.59
917,918,0.0013336557388305664,52.26
918,919,0.0013487606644630432,51.53
919,920,0.0013281367897987366,52.25
920,921,0.0013047414302825929,53.11
921,922,0.001313881480693817,52.91
922,923,0.0013454345226287842,52.05
923,924,0.001377961802482605,51.56
924,925,0.001359577202796936,51.91
925,926,0.001329879915714264,52.42
926,927,0.0013129359722137452,52.78
927,928,0.001316674220561981,52.35
928,929,0.0013338311433792114,51.84
929,930,0.0013405109286308288,51.78
930,931,0.0013230349540710449,52.1
931,932,0.0013054121851921081,52.49
932,933,0.00130522803068161,52.4
933,934,0.001308037531375885,52.52
934,935,0.001310153841972351,52.5
935,936,0.0013103274822235107,52.47
936,937,0.001306735098361969,52.6
937,938,0.0013048383712768554,52.61
938,939,0.0013076639175415039,52.6
939,940,0.0013055070161819458,52.81
940,941,0.0013015084266662597,53.3
941,942,0.0013003981351852416,53.19
942,943,0.0013067563891410827,52.98
943,944,0.001312605905532837,52.67
944,945,0.0013189998626708984,52.28
945,946,0.0013263738512992859,52.07
946,947,0.00132412748336792,51.96
947,948,0.0013116931796073913,52.21
948,949,0.0013012842893600463,52.62
949,950,0.0012952492713928223,53.28
950,951,0.0012958231687545776,53.28
951,952,0.0013015397310256957,52.75
952,953,0.0013066051006317139,52.46
953,954,0.001305729854106903,52.57
954,955,0.0012996204495429992,52.73
955,956,0.0012930201053619386,53.15
956,957,0.0012914837718009948,53.29
957,958,0.0012917737483978272,53.29
958,959,0.0012975667238235473,53.22
959,960,0.001300049579143524,53.0
960,961,0.001297089946269989,53.07
961,962,0.0012992106676101684,53.11
962,963,0.0013057682156562805,52.92
963,964,0.0013118276596069335,52.72
964,965,0.0013131038427352905,52.33
965,966,0.0013004604339599609,53.26
966,967,0.0012911662817001342,53.41
967,968,0.0013004498839378357,52.9
968,969,0.0013151386260986328,52.48
969,970,0.0013228062033653258,52.07
970,971,0.0013119890093803406,52.65
971,972,0.0013021060347557067,52.83
972,973,0.001296906292438507,53.01
973,974,0.001297657549381256,53.19
974,975,0.001288575541973114,53.79
975,976,0.001291768252849579,53.95
976,977,0.0013105868935585022,53.27
977,978,0.0013300523161888123,52.8
978,979,0.0013419572949409486,52.44
979,980,0.0013308985829353333,52.85
980,981,0.0013089503526687622,53.46
981,982,0.0013025537252426148,53.43
982,983,0.0013002704858779907,53.5
983,984,0.0012969438672065735,53.43
984,985,0.0012960622191429138,53.09
985,986,0.0013055655121803284,52.91
986,987,0.0013086586952209473,52.84
987,988,0.0013040642261505128,52.75
988,989,0.0013059415578842164,52.61
989,990,0.0013050464510917664,53.02
990,991,0.0013065843105316162,53.13
991,992,0.001311046314239502,52.71
992,993,0.00131602121591568,52.59
993,994,0.001322700834274292,52.12
994,995,0.001316507887840271,52.53
995,996,0.0013021583557128907,53.31
996,997,0.0013036602854728698,52.91
997,998,0.001324652636051178,52.5
998,999,0.00133414146900177,52.61
999,1000,0.0013276337862014771,52.98
1000,1001,0.0013111305475234985,53.48
1001,1002,0.001305647599697113,53.37
1002,1003,0.0013172265887260437,52.34
1003,1004,0.001332354485988617,51.5
1004,1005,0.001341715943813324,51.07
1005,1006,0.001332929813861847,51.36
1006,1007,0.0013267998576164245,52.02
1007,1008,0.00132116117477417,52.65
1008,1009,0.0013184076070785523,53.06
1009,1010,0.0013114219427108765,53.29
1010,1011,0.0013047109246253968,53.55
1011,1012,0.0012950273036956787,53.63
1012,1013,0.0012969918251037598,53.46
1013,1014,0.001314307987689972,52.72
1014,1015,0.0013379091382026672,51.76
1015,1016,0.0013473954558372498,51.46
1016,1017,0.0013423927903175354,51.76
1017,1018,0.001322844409942627,52.22
1018,1019,0.0013087906718254089,52.77
1019,1020,0.0013016546607017517,53.16
1020,1021,0.0013090521454811096,53.2
1021,1022,0.0013199250102043153,53.04
1022,1023,0.0013256439208984374,52.78
1023,1024,0.0013194347500801087,52.83
1024,1025,0.001301574409008026,53.26
1025,1026,0.0012902123808860779,53.48
1026,1027,0.0012944684863090514,53.01
1027,1028,0.0012987256050109863,52.91
1028,1029,0.0013023555517196654,52.84
1029,1030,0.0013029547572135924,52.86
1030,1031,0.0013031639456748962,52.78
1031,1032,0.0013017253041267395,52.8
1032,1033,0.0012923632860183717,52.98
1033,1034,0.0012837095022201538,53.2
1034,1035,0.0012852823615074158,53.38
1035,1036,0.0012967336893081665,52.69
1036,1037,0.0013123236536979675,52.21
1037,1038,0.0013213993191719055,52.45
1038,1039,0.0013168771982192994,52.87
1039,1040,0.001304966676235199,53.62
1040,1041,0.0012956812739372253,53.47
1041,1042,0.0012983565330505372,53.41
1042,1043,0.0012989808797836304,53.43
1043,1044,0.001294413983821869,53.09
1044,1045,0.0012946275115013122,53.08
1045,1046,0.0012979078888893127,53.0
1046,1047,0.0013007813811302185,52.96
1047,1048,0.0012980283975601197,53.2
1048,1049,0.0012870125770568848,53.81
1049,1050,0.001278036332130432,54.38
1050,1051,0.0012762106895446777,54.52
1051,1052,0.001277787184715271,54.73
1052,1053,0.0012778114438056947,54.73
1053,1054,0.0012801477789878845,54.52
1054,1055,0.001281290853023529,54.11
1055,1056,0.0012864189505577088,53.76
1056,1057,0.001296130621433258,53.31
1057,1058,0.0012917432069778443,53.47
1058,1059,0.0012797134041786194,54.36
1059,1060,0.0012789077997207641,54.13
1060,1061,0.0012910759568214416,53.72
1061,1062,0.0012973175883293153,53.79
1062,1063,0.0012909880876541139,54.05
1063,1064,0.0012847345232963562,54.25
1064,1065,0.0012875692248344422,53.98
1065,1066,0.0012945799827575684,53.49
1066,1067,0.0012994012951850892,53.54
1067,1068,0.0012946924090385438,53.68
1068,1069,0.00128331378698349,54.32
1069,1070,0.001273150360584259,54.57
1070,1071,0.0012725837469100953,54.58
1071,1072,0.0012718281984329225,54.63
1072,1073,0.0012703434586524964,54.75
1073,1074,0.0012756749153137207,54.74
1074,1075,0.0012822084665298462,54.32
1075,1076,0.0012849031329154968,54.11
1076,1077,0.001281689715385437,54.16
1077,1078,0.0012795649886131286,54.37
1078,1079,0.0012853660345077515,54.1
1079,1080,0.0012901537537574768,54.15
1080,1081,0.0012901395678520202,54.02
1081,1082,0.0012907269597053528,53.85
1082,1083,0.0012926994800567626,53.88
1083,1084,0.0012930541515350342,53.97
1084,1085,0.0012861380219459533,54.02
1085,1086,0.0012758304119110107,54.15
1086,1087,0.0012666753649711608,54.62
1087,1088,0.001268125331401825,54.48
1088,1089,0.001280801033973694,54.11
1089,1090,0.0012880441784858703,53.66
1090,1091,0.0012883436918258667,53.59
1091,1092,0.001283293616771698,53.44
1092,1093,0.0012755696415901183,53.74
1093,1094,0.0012859294533729554,53.53
1094,1095,0.0013080675721168517,52.92
1095,1096,0.0013008749961853027,53.21
1096,1097,0.001285999310016632,54.05
1097,1098,0.001267483162879944,54.8
1098,1099,0.0012790856003761291,54.61
1099,1100,0.0012990506529808044,54.1
1100,1101,0.0012981898903846741,54.18
1101,1102,0.00128602135181427,54.22
1102,1103,0.001272705924510956,54.5
1103,1104,0.0012665720462799073,54.64
1104,1105,0.001276830518245697,54.12
1105,1106,0.00128907812833786,53.81
1106,1107,0.0012888904929161072,53.54
1107,1108,0.0012817926883697509,53.89
1108,1109,0.001272112774848938,54.24
1109,1110,0.0012680727362632753,54.3
1110,1111,0.001271339976787567,54.2
1111,1112,0.0012696667909622191,54.4
1112,1113,0.0012702538967132569,54.5
1113,1114,0.0012718793749809266,54.76
1114,1115,0.0012786295294761657,54.06
1115,1116,0.0012781967878341676,53.89
1116,1117,0.0012745397567749024,54.09
1117,1118,0.001274070453643799,54.16
1118,1119,0.0012765267133712768,54.01
1119,1120,0.0012753523468971252,54.32
1120,1121,0.0012669939994812013,54.35
1121,1122,0.0012633023619651794,54.61
1122,1123,0.0012729948997497558,54.37
1123,1124,0.0012774402379989625,54.31
1124,1125,0.001282805073261261,53.92
1125,1126,0.001280380380153656,53.94
1126,1127,0.0012738439083099366,53.76
1127,1128,0.0012647668957710266,54.45
1128,1129,0.0012648416638374328,54.88
1129,1130,0.001274180781841278,54.68
1130,1131,0.0012862775325775146,54.28
1131,1132,0.0012892136454582214,54.23
1132,1133,0.001286303961277008,54.14
1133,1134,0.0012728218913078309,54.82
1134,1135,0.001263998067378998,54.9
1135,1136,0.0012673628091812133,54.51
1136,1137,0.0012770270586013794,53.98
1137,1138,0.0012827589631080626,53.68
1138,1139,0.0012716790676116944,54.09
1139,1140,0.00126940495967865,54.11
1140,1141,0.0012781816601753235,53.39
1141,1142,0.0013020412802696227,52.71
1142,1143,0.0013352989315986634,51.48
1143,1144,0.0013275799036026,51.92
1144,1145,0.001311845815181732,52.52
1145,1146,0.0012882272005081178,53.33
1146,1147,0.0012802574038505554,53.39
1147,1148,0.0012872113585472107,53.39
1148,1149,0.0013089993476867675,52.55
1149,1150,0.0013250961184501648,51.94
1150,1151,0.0013296101689338684,51.93
1151,1152,0.0013172688126564026,52.75
1152,1153,0.001293059289455414,53.76
1153,1154,0.001277819323539734,54.29
1154,1155,0.0012833803415298463,54.03
1155,1156,0.0013109763026237487,52.84
1156,1157,0.0013196507334709167,52.53
1157,1158,0.0013004530787467956,52.63
1158,1159,0.001284835398197174,53.18
1159,1160,0.0012804914593696594,53.34
1160,1161,0.0012796839118003845,53.57
1161,1162,0.001289401626586914,53.14
1162,1163,0.001294053566455841,52.91
1163,1164,0.0012858848571777343,53.7
1164,1165,0.0012725834846496582,54.37
1165,1166,0.001259446358680725,55.18
1166,1167,0.0012573855638504028,55.09
1167,1168,0.0012624444007873535,54.7
1168,1169,0.001281144428253174,53.88
1169,1170,0.0012925435066223144,53.49
1170,1171,0.0012890752911567688,52.97
1171,1172,0.0012745014667510986,53.93
1172,1173,0.0012687593698501587,54.36
1173,1174,0.0012834710836410522,54.1
1174,1175,0.0012923657417297364,53.85
1175,1176,0.0012793504357337952,54.41
1176,1177,0.0012627989530563355,54.62
1177,1178,0.0012591878652572631,54.53
1178,1179,0.0012700663685798646,54.26
1179,1180,0.0012894700407981873,53.67
1180,1181,0.0013047194838523865,52.95
1181,1182,0.001291023349761963,53.43
1182,1183,0.0012714821338653565,54.43
1183,1184,0.0012570513367652894,54.74
1184,1185,0.0012565555214881898,54.81
1185,1186,0.0012568340539932251,55.19
1186,1187,0.0012579919934272766,55.26
1187,1188,0.0012578574419021607,55.22
1188,1189,0.0012585947632789611,55.1
1189,1190,0.0012591546654701232,55.05
1190,1191,0.00125935879945755,55.16
1191,1192,0.0012587286710739136,55.21
1192,1193,0.0012555514097213746,55.06
1193,1194,0.001250639581680298,54.84
1194,1195,0.0012529590010643004,54.46
1195,1196,0.0012584757685661315,54.21
1196,1197,0.001255813193321228,54.17
1197,1198,0.0012510182857513427,54.53
1198,1199,0.0012464235067367554,54.98
1199,1200,0.0012453453421592713,54.92
1200,1201,0.0012493326663970948,54.9
1201,1202,0.0012518120288848877,54.92
1202,1203,0.0012478821158409118,55.39
1203,1204,0.0012445592045783997,55.39
1204,1205,0.0012406424641609193,55.29
1205,1206,0.0012508967757225036,55.13
1206,1207,0.0012706299901008606,54.48
1207,1208,0.0012946362495422363,54.05
1208,1209,0.0012933881759643554,54.26
1209,1210,0.0012840448141098022,54.39
1210,1211,0.0012745078086853028,54.41
1211,1212,0.0012835524559020996,53.98
1212,1213,0.0012790742874145508,54.25
1213,1214,0.0012709499955177307,54.59
1214,1215,0.0012597440242767333,54.6
1215,1216,0.001257665467262268,54.35
1216,1217,0.0012589240670204164,54.33
1217,1218,0.0012593883514404297,54.41
1218,1219,0.0012542339324951171,54.89
1219,1220,0.0012482557892799378,54.72
1220,1221,0.0012480592012405396,54.62
1221,1222,0.00124766948223114,55.03
1222,1223,0.0012469851374626159,55.25
1223,1224,0.0012455737233161926,55.48
1224,1225,0.0012427506923675536,55.17
1225,1226,0.0012496098279953002,54.89
1226,1227,0.001256112813949585,54.61
1227,1228,0.001259053349494934,54.53
1228,1229,0.001268213140964508,53.91
1229,1230,0.0012705672979354858,53.86
1230,1231,0.0012706922650337219,53.88
1231,1232,0.0012636163711547852,53.86
1232,1233,0.0012580025434494018,54.52
1233,1234,0.00126026211977005,54.57
1234,1235,0.001266072165966034,54.55
1235,1236,0.0012779450893402099,54.24
1236,1237,0.0012885414719581603,53.78
1237,1238,0.0012840756416320801,53.64
1238,1239,0.001259435212612152,54.44
1239,1240,0.001246156883239746,55.32
1240,1241,0.0012521461009979249,55.16
1241,1242,0.001250957202911377,55.18
1242,1243,0.001243634295463562,55.32
1243,1244,0.0012398449659347533,55.48
1244,1245,0.001246549105644226,55.11
1245,1246,0.0012544623017311095,54.81
1246,1247,0.0012514891624450684,55.06
1247,1248,0.001246307396888733,55.05
1248,1249,0.0012456352233886719,55.25
1249,1250,0.0012466251611709595,55.32
1250,1251,0.001248900043964386,55.02
1251,1252,0.0012529480934143067,54.79
1252,1253,0.0012540820598602295,55.06
1253,1254,0.0012549691796302795,54.85
1254,1255,0.0012551039934158325,54.88
1255,1256,0.0012575576424598695,54.91
1256,1257,0.0012622456789016725,54.99
1257,1258,0.0012700472474098206,54.71
1258,1259,0.0012775355458259582,54.45
1259,1260,0.001273700785636902,54.5
1260,1261,0.0012723639607429504,54.2
1261,1262,0.0012696357727050782,54.07
1262,1263,0.0012680735230445861,53.79
1263,1264,0.0012751441478729248,53.69
1264,1265,0.0012780291199684143,53.35
1265,1266,0.001278219211101532,53.57
1266,1267,0.001271762001514435,54.53
1267,1268,0.0012711686611175538,54.89
1268,1269,0.001275854504108429,54.35
1269,1270,0.0012761048436164856,54.57
1270,1271,0.0012811297535896301,54.32
1271,1272,0.0012757731318473815,54.49
1272,1273,0.00126476149559021,54.96
1273,1274,0.0012526543259620665,55.62
1274,1275,0.0012443800687789916,55.81
1275,1276,0.0012529105424880982,55.33
1276,1277,0.0012600754380226134,54.88
1277,1278,0.001264206099510193,54.69
1278,1279,0.001266491723060608,54.49
1279,1280,0.001270516049861908,54.28
1280,1281,0.0012755492091178894,53.52
1281,1282,0.0012836127877235413,53.04
1282,1283,0.0012821499824523927,53.47
1283,1284,0.0012630197644233703,54.05
1284,1285,0.0012471203327178956,55.23
1285,1286,0.001260241675376892,54.9
1286,1287,0.001276504909992218,53.94
1287,1288,0.0012820346117019654,53.86
1288,1289,0.0012765265822410584,54.13
1289,1290,0.001259377348423004,54.63
1290,1291,0.0012496057510375976,55.22
1291,1292,0.0012489948511123657,55.2
1292,1293,0.0012537413477897645,55.13
1293,1294,0.0012566355228424073,55.23
1294,1295,0.0012534746050834656,55.23
1295,1296,0.0012485794305801391,55.16
1296,1297,0.0012407602667808533,55.48
1297,1298,0.0012406856179237365,55.75
1298,1299,0.0012508532404899597,55.57
1299,1300,0.0012596766352653502,55.14
1300,1301,0.0012495677828788757,55.53
1301,1302,0.0012359708189964293,55.93
1302,1303,0.001230261731147766,56.17
1303,1304,0.0012365185856819153,55.85
1304,1305,0.0012401772856712341,55.59
1305,1306,0.0012437503337860108,55.45
1306,1307,0.001242747163772583,55.52
1307,1308,0.001247670841217041,55.29
1308,1309,0.0012614728927612304,54.74
1309,1310,0.0012871279001235962,54.17
1310,1311,0.0012740617990493774,54.57
1311,1312,0.001248238718509674,55.21
1312,1313,0.0012451727747917174,55.28
1313,1314,0.001273080825805664,54.6
1314,1315,0.0013118342518806457,53.83
1315,1316,0.0012929662942886353,54.24
1316,1317,0.0012581887602806092,54.98
1317,1318,0.0012380674958229064,55.33
1318,1319,0.0012392434239387512,55.38
1319,1320,0.0012582184433937074,54.81
1320,1321,0.0012699348211288452,54.49
1321,1322,0.0012600171327590943,54.68
1322,1323,0.0012421500325202942,55.05
1323,1324,0.0012335299730300902,55.03
1324,1325,0.0012319217085838318,55.38
1325,1326,0.0012349299669265747,55.29
1326,1327,0.0012387596487998963,55.15
1327,1328,0.0012371581315994264,55.21
1328,1329,0.0012330548524856566,55.26
1329,1330,0.0012335763454437256,55.23
1330,1331,0.0012338525414466858,55.44
1331,1332,0.0012340062856674194,55.82
1332,1333,0.001234961748123169,55.68
1333,1334,0.0012377431035041808,55.25
1334,1335,0.0012388496160507202,55.1
1335,1336,0.0012438014507293702,54.84
1336,1337,0.0012544825911521911,54.77
1337,1338,0.001257167172431946,54.77
1338,1339,0.0012460847020149231,55.0
1339,1340,0.0012363460898399353,55.54
1340,1341,0.0012317729592323304,55.69
1341,1342,0.0012328406691551209,56.02
1342,1343,0.0012373392701148986,55.58
1343,1344,0.0012404446721076966,55.47
1344,1345,0.0012358815908432006,55.46
1345,1346,0.0012304186224937439,55.49
1346,1347,0.0012288813471794128,55.63
1347,1348,0.001228578782081604,55.77
1348,1349,0.0012277614235877991,55.82
1349,1350,0.0012277969598770142,55.99
1350,1351,0.0012299117684364319,56.07
1351,1352,0.0012303747653961182,55.92
1352,1353,0.0012367032289505005,55.61
1353,1354,0.001244000518321991,55.5
1354,1355,0.001247694456577301,55.06
1355,1356,0.001249775457382202,55.01
1356,1357,0.0012380205154418945,55.57
1357,1358,0.0012288963079452515,55.98
1358,1359,0.00124305123090744,55.56
1359,1360,0.0012651586890220642,54.91
1360,1361,0.001266634976863861,54.76
1361,1362,0.0012459291934967041,55.52
1362,1363,0.0012316126942634583,55.88
1363,1364,0.0012280430436134339,56.13
1364,1365,0.0012329334497451782,56.25
1365,1366,0.0012291289806365968,56.36
1366,1367,0.0012309961795806885,56.36
1367,1368,0.0012450379848480224,55.96
1368,1369,0.001261803436279297,55.29
1369,1370,0.0012758123755455017,54.9
1370,1371,0.0012700153350830078,55.1
1371,1372,0.001252090859413147,55.7
1372,1373,0.0012430541515350343,55.91
1373,1374,0.0012355314016342163,55.85
1374,1375,0.0012294459342956543,55.83
1375,1376,0.0012313621759414673,55.64
1376,1377,0.001241706120967865,55.19
1377,1378,0.0012430271863937377,55.27
1378,1379,0.0012407126188278199,55.35
1379,1380,0.0012412764430046082,55.33
1380,1381,0.001240217387676239,55.44
1381,1382,0.0012416740894317627,55.4
1382,1383,0.0012500566720962524,55.28
1383,1384,0.0012620334744453431,54.82
1384,1385,0.0012700772166252135,54.41
1385,1386,0.001261253321170807,54.61
1386,1387,0.0012425647854804993,55.47
1387,1388,0.0012379661560058593,55.59
1388,1389,0.001258402192592621,55.57
1389,1390,0.0012735193490982055,54.96
1390,1391,0.0012744945168495178,54.77
1391,1392,0.0012583152413368226,55.06
1392,1393,0.0012446333050727845,55.34
1393,1394,0.0012507058024406434,55.04
1394,1395,0.0012695690870285035,54.44
1395,1396,0.0012783137202262878,53.83
1396,1397,0.0012653364896774292,54.48
1397,1398,0.001256779372692108,55.16
1398,1399,0.0012494419693946839,55.76
1399,1400,0.001251078999042511,55.82
1400,1401,0.0012493376731872558,55.58
1401,1402,0.0012452232241630555,55.63
1402,1403,0.0012326558828353882,55.94
1403,1404,0.0012306177020072937,56.06
1404,1405,0.0012494417548179627,55.72
1405,1406,0.0012767142176628114,54.57
1406,1407,0.0012891702055931092,54.05
1407,1408,0.001282250714302063,54.37
1408,1409,0.001262230408191681,55.2
1409,1410,0.0012523968935012817,55.28
1410,1411,0.0012535140037536622,55.33
1411,1412,0.0012622604131698608,55.21
1412,1413,0.0012613617181777954,55.17
1413,1414,0.0012537463426589967,55.17
1414,1415,0.0012469267129898071,55.46
1415,1416,0.001237311327457428,55.7
1416,1417,0.0012351581215858459,55.72
1417,1418,0.00124137966632843,55.57
1418,1419,0.001247184717655182,55.22
1419,1420,0.0012511318445205689,55.37
1420,1421,0.0012565590739250182,54.9
1421,1422,0.0012582824349403382,54.47
1422,1423,0.0012553536891937256,54.68
1423,1424,0.0012403652191162109,55.21
1424,1425,0.0012255446910858154,55.77
1425,1426,0.0012141464114189147,56.24
1426,1427,0.001216377604007721,56.24
1427,1428,0.0012315006613731385,55.59
1428,1429,0.0012494234919548034,55.49
1429,1430,0.0012585734367370606,55.2
1430,1431,0.0012535321950912475,55.32
1431,1432,0.0012437441229820251,55.57
1432,1433,0.0012395584225654602,55.63
1433,1434,0.0012333153128623962,55.8
1434,1435,0.0012232418656349183,55.88
1435,1436,0.0012203967690467834,55.81
1436,1437,0.001225430691242218,55.72
1437,1438,0.001233978533744812,55.53
1438,1439,0.0012381017565727234,55.55
1439,1440,0.001232841455936432,55.63
1440,1441,0.0012241891860961915,55.9
1441,1442,0.0012209763407707215,56.08
1442,1443,0.001219004535675049,55.98
1443,1444,0.0012168414235115051,56.28
1444,1445,0.001218845272064209,56.17
1445,1446,0.001218302893638611,56.24
1446,1447,0.001219910478591919,56.29
1447,1448,0.0012233434796333313,56.28
1448,1449,0.0012203218817710877,56.25
1449,1450,0.0012151102423667908,56.24
1450,1451,0.0012191670656204225,56.04
1451,1452,0.0012273194789886475,55.76
1452,1453,0.001232789659500122,55.75
1453,1454,0.0012270596027374268,55.89
1454,1455,0.0012239386439323425,56.52
1455,1456,0.001226894223690033,56.24
1456,1457,0.0012353835105895995,55.79
1457,1458,0.0012405059218406676,55.31
1458,1459,0.001238159167766571,55.28
1459,1460,0.0012294989705085755,55.75
1460,1461,0.0012183887720108033,56.25
1461,1462,0.0012196647644042969,56.49
1462,1463,0.0012147796988487244,56.7
1463,1464,0.0012056014060974121,56.94
1464,1465,0.001208581793308258,56.84
1465,1466,0.001215187931060791,56.55
1466,1467,0.0012191341042518617,56.46
1467,1468,0.0012204411745071412,56.47
1468,1469,0.0012187023043632506,56.67
1469,1470,0.0012183183550834656,56.49
1470,1471,0.0012162529230117798,56.49
1471,1472,0.00121847026348114,56.4
1472,1473,0.0012272208452224732,56.12
1473,1474,0.0012363349914550781,55.99
1474,1475,0.0012366957306861877,56.31
1475,1476,0.0012246609449386597,56.6
1476,1477,0.0012107632875442505,57.07
1477,1478,0.0012028737783432008,57.03
1478,1479,0.001210203003883362,56.67
1479,1480,0.0012269202351570128,56.16
1480,1481,0.0012332530975341796,55.97
1481,1482,0.0012296553015708922,55.89
1482,1483,0.001225228750705719,56.23
1483,1484,0.0012231258869171142,56.0
1484,1485,0.0012377354383468627,55.48
1485,1486,0.001251613211631775,55.47
1486,1487,0.0012374406695365905,55.72
1487,1488,0.0012219919562339782,55.94
1488,1489,0.001209498941898346,56.58
1489,1490,0.0012254083275794983,56.13
1490,1491,0.0012410336375236512,55.92
1491,1492,0.0012351990222930907,56.14
1492,1493,0.0012218459129333496,56.48
1493,1494,0.0012114238619804383,57.01
1494,1495,0.0012089361906051637,57.05
1495,1496,0.0012181942939758301,56.81
1496,1497,0.0012277171611785888,56.44
1497,1498,0.0012288942217826844,56.0
1498,1499,0.0012252909541130067,56.01
1499,1500,0.0012215311765670777,56.06
1500,1501,0.0012212774634361267,56.2
1501,1502,0.001224761962890625,56.11
1502,1503,0.0012166028976440429,56.56
1503,1504,0.0012101616501808167,56.61
1504,1505,0.0012071912288665772,57.0
1505,1506,0.0012123195052146912,57.03
1506,1507,0.0012160741806030273,56.92
1507,1508,0.001217919170856476,56.59
1508,1509,0.0012174039363861083,56.6
1509,1510,0.0012166975378990173,56.67
1510,1511,0.001212866985797882,56.85
1511,1512,0.0012062222957611084,57.1
1512,1513,0.0012067976474761963,56.82
1513,1514,0.001216469931602478,56.82
1514,1515,0.0012201992392539978,56.47
1515,1516,0.0012238319158554077,56.24
1516,1517,0.0012189345359802247,56.46
1517,1518,0.0012091420888900757,56.53
1518,1519,0.001202022397518158,57.08
1519,1520,0.0012057233572006225,57.25
1520,1521,0.001219383203983307,56.69
1521,1522,0.0012337671279907226,56.16
1522,1523,0.0012345525979995727,56.22
1523,1524,0.001229183053970337,56.14
1524,1525,0.0012160516023635864,56.73
1525,1526,0.0012079315543174743,57.16
1526,1527,0.0012104921460151673,56.95
1527,1528,0.0012171924352645874,56.83
1528,1529,0.0012225602388381959,56.61
1529,1530,0.001213166356086731,56.85
1530,1531,0.0012117729902267455,56.68
1531,1532,0.001222892427444458,56.31
1532,1533,0.0012506545066833497,54.94
1533,1534,0.0012823890089988708,53.77
1534,1535,0.0012746798753738404,54.08
1535,1536,0.001259467613697052,54.86
1536,1537,0.0012325504422187805,55.5
1537,1538,0.0012212725520133973,55.88
1538,1539,0.0012252719402313231,55.66
1539,1540,0.0012436648607254029,55.49
1540,1541,0.0012598823547363281,54.68
1541,1542,0.0012670638918876648,54.39
1542,1543,0.001258806788921356,54.76
1543,1544,0.0012337518572807312,55.55
1544,1545,0.0012161024570465089,56.37
1545,1546,0.001220260202884674,56.34
1546,1547,0.0012453343629837037,55.22
1547,1548,0.001261979341506958,54.39
1548,1549,0.0012512771368026734,54.81
1549,1550,0.001234107542037964,55.4
1550,1551,0.0012203673601150513,55.93
1551,1552,0.0012168450951576234,56.34
1552,1553,0.0012311554431915282,55.58
1553,1554,0.0012446669459342957,55.27
1554,1555,0.0012381902813911438,55.49
1555,1556,0.0012221633434295655,56.38
1556,1557,0.001202475082874298,57.25
1557,1558,0.0011959986329078674,57.37
1558,1559,0.0012041515231132507,57.23
1559,1560,0.0012270926117897035,56.36
1560,1561,0.0012355255007743835,55.99
1561,1562,0.0012237799763679504,56.36
1562,1563,0.0012049768567085266,57.21
1563,1564,0.0012073561906814575,57.18
1564,1565,0.0012352336525917054,56.15
1565,1566,0.0012396973133087159,56.07
1566,1567,0.0012200384855270386,56.6
1567,1568,0.0012034269213676452,57.13
1568,1569,0.001197758650779724,57.17
1569,1570,0.001199304497241974,56.8
1570,1571,0.0012109467267990112,56.34
1571,1572,0.001226341962814331,55.67
1572,1573,0.0012237350702285767,55.91
1573,1574,0.0012097795248031617,56.84
1574,1575,0.0012031527757644653,56.97
1575,1576,0.001203900456428528,57.27
1576,1577,0.0012037222862243653,57.49
1577,1578,0.001202742850780487,57.43
1578,1579,0.0011964792966842651,57.64
1579,1580,0.0011910157442092896,57.91
1580,1581,0.0011921986103057862,57.42
1581,1582,0.001196980631351471,57.22
1582,1583,0.0012034179091453552,56.8
1583,1584,0.0012064117431640625,56.43
1584,1585,0.0012033599972724913,56.5
1585,1586,0.0012036020040512086,56.39
1586,1587,0.0012034605503082275,56.49
1587,1588,0.0011966342210769654,56.91
1588,1589,0.001189503252506256,57.4
1589,1590,0.0011858602523803711,57.43
1590,1591,0.0011926021099090576,57.26
1591,1592,0.0012047983646392823,56.96
1592,1593,0.0012144529104232788,56.81
1593,1594,0.0012035536408424377,57.03
1594,1595,0.0011921988010406494,57.33
1595,1596,0.0011903837323188782,57.48
1596,1597,0.00121285001039505,56.97
1597,1598,0.001241480004787445,56.15
1598,1599,0.0012659935951232911,55.62
1599,1600,0.001250079882144928,56.0
1600,1601,0.0012233456492424012,56.62
1601,1602,0.0012130077719688416,56.75
1602,1603,0.0012380061268806458,55.84
1603,1604,0.0012449516892433167,55.81
1604,1605,0.0012310349822044373,56.43
1605,1606,0.0012103720903396606,56.91
1606,1607,0.0012080334544181824,56.64
1607,1608,0.0012153460502624513,56.57
1608,1609,0.0012213565826416015,56.07
1609,1610,0.0012161369681358337,56.32
1610,1611,0.0012028990030288696,56.91
1611,1612,0.0011968114018440247,56.71
1612,1613,0.0011957453608512879,56.83
1613,1614,0.0011968866229057312,56.82
1614,1615,0.0012001326322555541,56.87
1615,1616,0.001196706759929657,57.32
1616,1617,0.0011962762355804443,57.13
1617,1618,0.0011972376704216003,57.01
1618,1619,0.0011990599989891051,57.06
1619,1620,0.0012065874576568604,56.52
1620,1621,0.0012123504757881164,56.11
1621,1622,0.0012166784644126892,55.9
1622,1623,0.0012150982260704041,56.0
1623,1624,0.0012098191142082214,56.45
1624,1625,0.0012052786350250245,56.75
1625,1626,0.001205193853378296,56.51
1626,1627,0.0012191192984580994,56.07
1627,1628,0.0012386034727096557,55.52
1628,1629,0.0012404505014419556,55.49
1629,1630,0.0012109776377677917,56.58
1630,1631,0.0011935061573982238,57.37
1631,1632,0.0012019067645072936,57.2
1632,1633,0.001207723891735077,57.0
1633,1634,0.0012030776381492614,57.13
1634,1635,0.0011909195065498352,57.44
1635,1636,0.001193554961681366,57.26
1636,1637,0.0012064463138580321,56.49
1637,1638,0.0012080321669578553,56.35
1638,1639,0.001201909875869751,56.52
1639,1640,0.0011964236736297608,56.89
1640,1641,0.0011956108450889588,56.88
1641,1642,0.0011955670714378357,57.11
1642,1643,0.0012012394785881043,56.99
1643,1644,0.0012093378186225892,56.84
1644,1645,0.0012154900789260864,56.58
1645,1646,0.0012168357849121094,56.72
1646,1647,0.001212187671661377,56.85
1647,1648,0.0012064489483833312,57.08
1648,1649,0.001208439791202545,57.06
1649,1650,0.0012190054774284362,56.54
1650,1651,0.0012243931055068969,56.37
1651,1652,0.0012351570010185242,55.33
1652,1653,0.0012374188899993896,55.34
1653,1654,0.001227164614200592,55.81
1654,1655,0.0012251413822174072,55.56
1655,1656,0.0012194411158561707,55.71
1656,1657,0.0012215189218521118,56.18
1657,1658,0.0012243260145187377,56.36
1658,1659,0.001226736092567444,56.51
1659,1660,0.0012332852721214295,56.27
1660,1661,0.001237528383731842,55.78
1661,1662,0.0012447452902793884,55.47
1662,1663,0.0012337443828582763,55.8
1663,1664,0.0012175477147102357,56.4
1664,1665,0.0012002593636512757,57.27
1665,1666,0.0011934180140495301,57.39
1666,1667,0.0012075698971748352,56.71
1667,1668,0.0012251338124275207,56.18
1668,1669,0.0012354737043380737,56.28
1669,1670,0.0012352598309516908,56.02
1670,1671,0.0012316025733947755,55.85
1671,1672,0.0012256051421165467,55.6
1672,1673,0.0012347350478172303,55.26
1673,1674,0.0012460328817367554,55.21
1674,1675,0.001233118736743927,55.62
1675,1676,0.0012193150639533998,56.37
1676,1677,0.0012313398480415345,55.71
1677,1678,0.0012251197457313538,56.1
1678,1679,0.0012125916004180907,56.53
1679,1680,0.001199882161617279,56.94
1680,1681,0.0011864539742469787,57.84
1681,1682,0.0011871572256088258,57.81
1682,1683,0.0011929148077964784,57.38
1683,1684,0.0011998829483985901,57.18
1684,1685,0.0012023301720619202,57.13
1685,1686,0.001197612488269806,57.32
1686,1687,0.0011915497422218323,57.59
1687,1688,0.0011843488812446595,57.96
1688,1689,0.0011857065439224244,57.99
1689,1690,0.0011961501836776733,57.94
1690,1691,0.001203070878982544,57.58
1691,1692,0.0011930722713470458,57.72
1692,1693,0.0011826127171516419,57.95
1693,1694,0.0011800543308258056,58.18
1694,1695,0.0011890055060386658,57.75
1695,1696,0.001187795400619507,57.73
1696,1697,0.00118736412525177,57.72
1697,1698,0.001186151897907257,57.56
1698,1699,0.0011941014289855957,57.27
1699,1700,0.0012056805968284608,56.76
1700,1701,0.001225322949886322,56.37
1701,1702,0.0012238863587379456,56.51
1702,1703,0.0012064944982528687,57.03
1703,1704,0.0011982077836990357,57.29
1704,1705,0.0012113715887069703,57.02
1705,1706,0.0012385145783424378,56.41
1706,1707,0.001229637920856476,56.53
1707,1708,0.0012050586581230163,57.17
1708,1709,0.0011902524828910827,57.4
1709,1710,0.001188810181617737,57.39
1710,1711,0.0012011831521987915,57.35
1711,1712,0.001211434519290924,57.14
1712,1713,0.0012093431234359742,56.95
1713,1714,0.001195050847530365,57.36
1714,1715,0.001183619749546051,57.25
1715,1716,0.0011783557415008545,57.31
1716,1717,0.001181183385848999,57.28
1717,1718,0.0011871615886688233,57.11
1718,1719,0.0011864102721214295,57.22
1719,1720,0.0011835589051246644,57.28
1720,1721,0.0011854416370391846,57.39
1721,1722,0.0011871188402175904,57.61
1722,1723,0.0011880911588668824,57.6
1723,1724,0.0011868297457695008,57.3
1724,1725,0.0011882184267044068,57.1
1725,1726,0.0011927425265312196,56.84
1726,1727,0.0012013504862785338,56.4
1727,1728,0.0012129708647727966,56.56
1728,1729,0.001216199767589569,56.43
1729,1730,0.0012017034530639647,56.95
1730,1731,0.001189447069168091,57.16
1731,1732,0.0011840346217155456,57.27
1732,1733,0.0011849972128868103,57.57
1733,1734,0.0011911673426628112,57.23
1734,1735,0.001194314730167389,56.95
1735,1736,0.0011864401578903197,57.51
1736,1737,0.001178039860725403,57.58
1737,1738,0.0011769097685813904,57.74
1738,1739,0.001180237638950348,57.65
1739,1740,0.0011813420891761779,57.75
1740,1741,0.0011789258718490601,57.97
1741,1742,0.0011799570918083191,57.89
1742,1743,0.0011765790224075316,57.98
1743,1744,0.0011821672201156616,57.66
1744,1745,0.0011933063745498658,57.43
1745,1746,0.0012040289163589477,57.14
1746,1747,0.0012100507020950317,56.84
1747,1748,0.0011949445486068725,57.45
1748,1749,0.0011784660100936889,58.25
1749,1750,0.0011863986372947692,57.64
1750,1751,0.0012104294419288636,56.71
1751,1752,0.001214204716682434,56.43
1752,1753,0.0011988214373588563,57.05
1753,1754,0.0011849315404891968,57.65
1754,1755,0.0011803237557411195,57.87
1755,1756,0.0011832400918006898,57.78
1756,1757,0.001181446611881256,58.01
1757,1758,0.001182974112033844,58.16
1758,1759,0.0011977845311164856,57.83
1759,1760,0.0012168221950531006,57.28
1760,1761,0.0012329068303108216,56.61
1761,1762,0.001230189335346222,56.54
1762,1763,0.0012150403499603271,56.94
1763,1764,0.0012057632923126221,56.81
1764,1765,0.00119597327709198,57.04
1765,1766,0.0011858436942100525,57.37
1766,1767,0.0011874421834945678,57.45
1767,1768,0.0012007421374320983,57.12
1768,1769,0.0012063266396522521,56.9
1769,1770,0.0012081072807312012,56.58
1770,1771,0.001204202914237976,56.66
1771,1772,0.001198293662071228,57.05
1772,1773,0.0011926655888557433,57.25
1773,1774,0.0011981449961662293,57.38
1774,1775,0.0012126524925231933,57.02
1775,1776,0.0012257351875305175,56.39
1776,1777,0.001220494568347931,56.41
1777,1778,0.0011954824090003968,57.31
1778,1779,0.0011792592525482178,58.15
1779,1780,0.0012009137392044067,57.57
1780,1781,0.0012283077001571656,56.74
1781,1782,0.0012367063283920288,56.21
1782,1783,0.0012190688252449035,56.76
1783,1784,0.0011976540207862855,57.5
1784,1785,0.0011995445489883423,57.17
1785,1786,0.001221084702014923,56.72
1786,1787,0.0012351871252059936,55.79
1787,1788,0.0012294267654418946,56.05
1788,1789,0.0012221161127090453,56.7
1789,1790,0.001211769449710846,57.22
1790,1791,0.001209293818473816,56.91
1791,1792,0.0012070870399475098,57.55
1792,1793,0.0012059945821762084,57.31
1793,1794,0.0011946501970291137,57.6
1794,1795,0.0011899537205696106,57.77
1795,1796,0.0012020578742027283,57.31
1796,1797,0.0012283055782318115,56.55
1797,1798,0.0012427136778831482,56.12
1798,1799,0.0012355618834495544,56.33
1799,1800,0.0012124541521072389,57.04
1800,1801,0.001199577009677887,57.35
1801,1802,0.0012024093747138977,57.1
1802,1803,0.0012175057530403137,56.92
1803,1804,0.0012231186509132385,56.95
1804,1805,0.0012169760704040526,57.06
1805,1806,0.0012083341717720032,57.05
1806,1807,0.00119702467918396,57.38
1807,1808,0.001194638442993164,57.59
1808,1809,0.001200209641456604,57.48
1809,1810,0.0012068903923034668,57.01
1810,1811,0.0012128527522087098,56.7
1811,1812,0.0012172618269920348,56.36
1812,1813,0.0012165204286575318,56.13
1813,1814,0.0012100852847099304,56.21
1814,1815,0.001196173369884491,57.03
1815,1816,0.0011847609162330627,57.46
1816,1817,0.0011724785923957824,57.89
1817,1818,0.0011707282185554504,58.01
1818,1819,0.0011812837362289428,57.48
1819,1820,0.001192453646659851,57.68
1820,1821,0.001204400610923767,57.58
1821,1822,0.0012064187288284302,57.59
1822,1823,0.001201416277885437,57.79
1823,1824,0.0011953923106193542,57.65
1824,1825,0.0011900140166282655,57.79
1825,1826,0.001181003487110138,57.76
1826,1827,0.0011767845749855043,57.73
1827,1828,0.0011807576060295106,57.84
1828,1829,0.001186822235584259,57.54
1829,1830,0.0011928322792053223,57.11
1830,1831,0.0011928492546081544,57.36
1831,1832,0.0011854541897773742,57.77
1832,1833,0.0011799668788909912,57.78
1833,1834,0.0011765256881713867,57.8
1834,1835,0.0011757286071777343,57.71
1835,1836,0.0011773143768310547,57.85
1836,1837,0.0011740153670310974,57.88
1837,1838,0.0011717112541198731,58.06
1838,1839,0.0011710206151008607,58.02
1839,1840,0.0011711179256439208,58.22
1840,1841,0.0011715751767158507,57.96
1841,1842,0.0011767634630203247,57.72
1842,1843,0.001179788291454315,58.09
1843,1844,0.0011817527174949646,58.02
1844,1845,0.0011790154933929444,57.99
1845,1846,0.0011845195651054383,57.87
1846,1847,0.0011933404445648194,57.47
1847,1848,0.0012021769762039184,57.11
1848,1849,0.0012018348693847657,57.19
1849,1850,0.0011940947771072387,57.28
1850,1851,0.0011830620169639588,57.69
1851,1852,0.0011724426627159118,58.13
1852,1853,0.001181432318687439,58.3
1853,1854,0.001180704402923584,58.2
1854,1855,0.0011670091032981872,58.69
1855,1856,0.0011656155705451964,58.63
1856,1857,0.001170935583114624,58.51
1857,1858,0.0011757903456687928,58.38
1858,1859,0.0011805012583732605,58.04
1859,1860,0.0011795172095298767,58.21
1860,1861,0.0011757400393486023,58.18
1861,1862,0.001169931161403656,58.5
1862,1863,0.0011712398648262023,58.27
1863,1864,0.0011814348220825195,57.92
1864,1865,0.0011936591148376465,57.84
1865,1866,0.0011940889358520509,57.85
1866,1867,0.00118103209733963,57.86
1867,1868,0.001163760781288147,58.51
1868,1869,0.0011563536524772644,58.92
1869,1870,0.0011649235010147095,58.62
1870,1871,0.0011828030347824097,58.05
1871,1872,0.0011889921545982362,57.75
1872,1873,0.0011840705633163451,57.94
1873,1874,0.0011822739362716676,57.74
1874,1875,0.001180746853351593,57.75
1875,1876,0.0011893015503883363,57.79
1876,1877,0.0011962666988372802,57.79
1877,1878,0.0011846395969390868,57.63
1878,1879,0.001177138078212738,57.97
1879,1880,0.0011700928807258607,57.92
1880,1881,0.0011825955271720886,57.97
1881,1882,0.0011951276779174804,57.46
1882,1883,0.001188392198085785,57.9
1883,1884,0.0011708487391471863,58.34
1884,1885,0.0011633249521255493,58.72
1885,1886,0.0011636358857154846,58.62
1886,1887,0.0011718642950057983,58.68
1887,1888,0.001176535665988922,58.15
1888,1889,0.0011783951282501222,57.97
1889,1890,0.001180282998085022,57.85
1890,1891,0.0011865106344223022,57.65
1891,1892,0.0011868314862251283,57.6
1892,1893,0.0011861647725105286,57.68
1893,1894,0.0011742366313934327,58.07
1894,1895,0.0011672207236289977,58.43
1895,1896,0.001164730966091156,58.71
1896,1897,0.0011706957221031189,58.6
1897,1898,0.0011763683438301086,58.35
1898,1899,0.001179685080051422,58.28
1899,1900,0.0011774869441986083,58.32
1900,1901,0.0011736804008483886,58.26
1901,1902,0.0011672314763069153,58.27
1902,1903,0.001162032949924469,58.63
1903,1904,0.0011631518006324768,58.56
1904,1905,0.0011723238348960877,58.19
1905,1906,0.0011768840074539186,57.99
1906,1907,0.0011816828012466431,57.78
1907,1908,0.0011777549982070923,57.95
1908,1909,0.0011648801922798156,58.45
1909,1910,0.0011587270855903625,59.17
1910,1911,0.0011659892916679382,58.64
1911,1912,0.0011863764882087708,58.15
1912,1913,0.0012068329334259033,57.35
1913,1914,0.001211165976524353,57.17
1914,1915,0.001203828763961792,57.4
1915,1916,0.0011848116755485535,58.27
1916,1917,0.0011705004334449768,58.74
1917,1918,0.0011697788000106812,58.52
1918,1919,0.0011767561316490174,58.24
1919,1920,0.0011865541338920594,58.05
1920,1921,0.0011790491819381713,58.13
1921,1922,0.001174760091304779,58.21
1922,1923,0.0011831118822097778,57.58
1923,1924,0.0012089073419570924,56.77
1924,1925,0.0012438690900802613,55.36
1925,1926,0.0012399515867233277,55.4
1926,1927,0.0012288609743118287,56.15
1927,1928,0.0011971819043159486,57.16
1928,1929,0.0011765970468521117,57.64
1929,1930,0.0011788159847259522,57.58
1930,1931,0.0011965216994285583,57.39
1931,1932,0.0012160958290100097,56.64
1932,1933,0.0012272191882133484,56.33
1933,1934,0.001220251190662384,56.47
1934,1935,0.0011933039188385009,57.36
1935,1936,0.0011725224018096924,58.09
1936,1937,0.0011784189820289613,57.87
1937,1938,0.001209450376033783,56.68
1938,1939,0.0012357041239738464,56.2
1939,1940,0.001226833713054657,56.14
1940,1941,0.001201830303668976,56.73
1941,1942,0.0011779326677322387,57.9
1942,1943,0.0011750336289405824,58.35
1943,1944,0.001195383131504059,57.59
1944,1945,0.001218074858188629,56.71
1945,1946,0.0012111744880676269,57.17
1946,1947,0.0011888285875320435,57.99
1947,1948,0.0011611285448074342,58.67
1948,1949,0.0011512292981147767,59.0
1949,1950,0.0011623614311218262,58.62
1950,1951,0.0011904294967651366,57.72
1951,1952,0.00120190749168396,57.19
1952,1953,0.0011906952738761903,57.72
1953,1954,0.0011717852234840393,58.49
1954,1955,0.00116529039144516,58.87
